[
  {
    "name": "orang kaget",
    "url": "https://telegra.ph/file/6b058b009cb9d61614c94.jpg"
  },
  {
    "name": "photo bebeb",
    "url": "https://telegra.ph/file/74dd0b95ad6231361a968.jpg"
  },
  {
    "name": "awas pembokep",
    "url": "https://telegra.ph/file/c0d9e8c0691bb261914dc.jpg"
  },
  {
    "name": "atmin ❤️",
    "url": "https://telegra.ph/file/a2d37cdd655ed9cf48e06.jpg"
  },
  {
    "name": "mamah muda 😜",
    "url": "https://telegra.ph/file/bd9e59c371de6d8e3a422.jpg"
  },
  {
    "name": "🤨 Jangan di pilih",
    "url": "https://telegra.ph/file/7f9aa3d8dc2f6ca1d0b1e.jpg"
  },
  {
    "name": "oi oi oi",
    "url": "https://telegra.ph/file/bfcee6016e3970206d6ef.jpg"
  }
]
