{"version":1,"hash":{"type":"Buffer","data":"pXAJsYcHhwLMA802s4p5x7+/HQQGdgYnAenunZTS5ogcG+6Sk5VWEjvT7HRGV87enbgFSY557KFGNhFDEiXxVuh0dlDeTNgwmv8r2Q3hV4Hs80l8o6IEjDlUHQ6iAWtRLscLWadPMPvv3BTiN3nbt0k43NuHVMja94mKR1Q94Yo="},"indexValueMap":{"7LYn0p6WwUxs9fKisWJcQ9uGZ5UdUc3fgaWfuw/NTEM=":{"valueMac":{"type":"Buffer","data":"DXjK4NDmN1C/j/x14XeLJXYUH+v4HO9GvLQtmqJVHB0="}},"3oy4K3GjGZlsJpgjK8vcbBSuCFulVF4KrL53t7gBQAU=":{"valueMac":{"type":"Buffer","data":"n3NDxvg2TO/uXWxyDH8CY8m3a0vbIbH1zRalQ2/X/sw="}}}}