{"version":2,"hash":{"type":"Buffer","data":"INXxVXhvxCZa3RR1n0VOZ4p39hQwWf4inq4MBE1qBhwFuDjYv3AaU/Bu/LwfOj4Q+XwhkzxtuifIErmFYBThlUEzEPd3mt/aCkyvbgyzmp+i8ceeiuRoeu6Hystf4zCFamJ2raHgvpQsSBmqPpK1iTgEKo+dVJGqrWCRYmxM5e0="},"indexValueMap":{"1eFJLZFTTnZJGJFiItq7cGrDUv53PHTU9KvizwQeETc=":{"valueMac":{"type":"Buffer","data":"HlvBUrkcYliCQwVyvu1Te7+myMnSGUxlkO2FI19yRbY="}},"VAj9Ohixxgkhlx2cej3m0u4fugjGK6OAHY/v4JAdDRk=":{"valueMac":{"type":"Buffer","data":"ScZeqkkeYLmPh+6swYfs/JaBc2ZCwSQDGCQlHb8IVR4="}},"ImKRYnqm2d9pgduSkcaYkLl/Kx3JoT9ecxkrSGGsoes=":{"valueMac":{"type":"Buffer","data":"yU77g/N10UyXFRuPrAxP2FwUIBDJTYv1fajTVlJ0awE="}},"oPLe0zIcJGFLiYnDuEOs1vz9p9b6TPUCAM5oI8xtoz0=":{"valueMac":{"type":"Buffer","data":"9SAt5XU2dvhUW1h3rwdh61gbPxw9FCP/kU0wpsEr+7o="}},"tw6BS9FDe3cxvEMz8PLRz2sms13WwL9Q8vy6AktToSg=":{"valueMac":{"type":"Buffer","data":"ArfB6a9EPnPpHs7vQ6984LOBFxQ9IYTmWuqbitEY6r8="}},"fseeDg1M/ZCvLP7pHyYl9JEeyAnikXztZKgg68R+fyU=":{"valueMac":{"type":"Buffer","data":"/Mnshc1awZbKoWCKvCTjvToEaRGZsn4N3gDVAJcKMzU="}}}}