{"noiseKey":{"private":{"type":"Buffer","data":"gMojzNaoZ8q0tZsKeAD/fi1Fr9YsH7MJjnKRYBKPm1E="},"public":{"type":"Buffer","data":"EyttkYsjVYP6hQnHlOe1OQdEGO+kKWh3vTtWSNI2J2Y="}},"pairingEphemeralKeyPair":{"private":{"type":"Buffer","data":"kGaU0VliLLr1XXTgv5E+CUPe0jdYaHad7VqByb+sIko="},"public":{"type":"Buffer","data":"rUNbUvp67DvilL750k2CVHPMQ5cqUl79O5DMdL9zxDs="}},"signedIdentityKey":{"private":{"type":"Buffer","data":"KK/JZS0Oq2NMTmqzUpIKNipkzal1tGIn89LB8gJ1JX0="},"public":{"type":"Buffer","data":"6g5uzYd7WwXEmFRChRaQQSAIYA+xT2qX00Pf/uXyPGo="}},"signedPreKey":{"keyPair":{"private":{"type":"Buffer","data":"+O0k0td29o8eJkRaOHsdME01O2KOM5ywLRKox94JQXw="},"public":{"type":"Buffer","data":"jfKSvwrflt3H6RI2vjl1QiCTou5Eg4NyDbSFIwrahVo="}},"signature":{"type":"Buffer","data":"s3A6QA3gm/A2nbkWIqC92arM8ubZA7t/NoVE3G+zoxBYuMD8flg5kRl+0q65mSqCXcm1bgF8oItFrO+i5GtqDg=="},"keyId":1},"registrationId":88,"advSecretKey":"Cl/mu6lQ38qDYH+Q5X9EnQropTN36j0kKda5aR8PB64=","processedHistoryMessages":[{"key":{"remoteJid":"6285895988045@s.whatsapp.net","fromMe":true,"id":"B7E3E2720ECDD0AA8113D279D125056C"},"messageTimestamp":1728823195},{"key":{"remoteJid":"6285895988045@s.whatsapp.net","fromMe":true,"id":"E16D46560C3085BC702C0178453C0EEC"},"messageTimestamp":1728823198},{"key":{"remoteJid":"6285895988045@s.whatsapp.net","fromMe":true,"id":"42C15557274FE19FA277B271792A9628"},"messageTimestamp":1728823212},{"key":{"remoteJid":"6285895988045@s.whatsapp.net","fromMe":true,"id":"C111827A52840B60C9DCBC8921E01633"},"messageTimestamp":1728823214}],"nextPreKeyId":31,"firstUnuploadedPreKeyId":31,"accountSyncCounter":1,"accountSettings":{"unarchiveChats":false},"deviceId":"GFj1-R9XSimNPLW0J0e6Lg","phoneId":"b697ca9c-a5d9-471a-8844-a6af27780bd2","identityId":{"type":"Buffer","data":"FVKedH7V3etBqUdCTR+e9eLnz0E="},"registered":true,"backupToken":{"type":"Buffer","data":"xrRFfPeykbpBAES/0+Y510Iq2Ak="},"registration":{},"pairingCode":"MBYLTDWK","lastPropHash":"1rvyP3","routingInfo":{"type":"Buffer","data":"CAUIAg=="},"me":{"id":"6285895988045:73@s.whatsapp.net","name":"VX - RX  ALVIAN UXIO Inc.","jid":"6285895988045@s.whatsapp.net","lid":"78580855906471:73@lid"},"account":{"details":"CIKVvYkDEJT/rrgGGAEgACgA","accountSignatureKey":"JhloGpVzSJdQCtgzS23URhigsh0A7UFoEth1ccontGk=","accountSignature":"mxi7S/Tj5IUA7b8vmQ1LniTW9IdibqDgqzU3L3sq/HzxVeu3GtcKNK9TzMe3y+p8oGZpzy8k/LXItwA/OqybAw==","deviceSignature":"3IHSeptm6+U7qgWSL8iwQKFUPnJYBgqlG6u9sEV/sgI4OaOaJxBN/FTdKd4I/21GpI2+6cVD6nag9TQedqZrAA=="},"signalIdentities":[{"identifier":{"name":"6285895988045:73@s.whatsapp.net","deviceId":0},"identifierKey":{"type":"Buffer","data":"BSYZaBqVc0iXUArYM0tt1EYYoLIdAO1BaBLYdXHKJ7Rp"}}],"platform":"android","lastAccountSyncTimestamp":1728823193,"myAppStateKeyId":"AAAAALx6"}