[{"senderKeyId":1083022239,"senderChainKey":{"iteration":124031,"seed":"gRAU+5/mJvB15/Ac2m/MjGq+IF5snFtQIuyr1yW7D9w="},"senderSigningKey":{"public":"BYrKZ8ct+lbL9ExNWYuJTd30M87oen1xfy62AyE5PWA7"},"senderMessageKeys":[{"iteration":124023,"seed":"paLr8gOrQjUjiU/ej4dcgSRBNqiTaDGXgoJAgqY36y0="},{"iteration":124025,"seed":"wy83ngwnIIv4TeldPw15Gy1sTdR8MNWHTZmmGIA7bWo="},{"iteration":124027,"seed":"tzHKzEpbeBtybkp+KbQsfOp543jH5vXmdcRAWrdUfwc="},{"iteration":124028,"seed":"4BDyK5maxeVmOFZhNIRlBQehFH3+Vq3+PItLdO3qjVM="},{"iteration":124029,"seed":"uwMNm6FEvmT5ovJ9abIlgNyzZ0KkDGFxxRd4kgT6QQk="}]}]