{"_sessions":{"BbCvDz6Kw2+ERRBoxZK8/SmtvJnDNrwRz9v2FuJQ1/YP":{"registrationId":32,"currentRatchet":{"ephemeralKeyPair":{"pubKey":"BZmdTiCcQmu2hQ8/UDMx9UpsZpdbb9rgyZAHX9jF9CUI","privKey":"YDMv86aDnd4++Zi6SZX2+TN/F70YHqGPm8LSOmXZXGo="},"lastRemoteEphemeralKey":"BdfDfwFQpg19sqYBlo7WLIyfGioEf4lk5KofvCkDXdND","previousCounter":0,"rootKey":"VMV8K/se2/fLQB3id7mDSScNU0Ffo25d1ZHTEaugkrw="},"indexInfo":{"baseKey":"BbCvDz6Kw2+ERRBoxZK8/SmtvJnDNrwRz9v2FuJQ1/YP","baseKeyType":1,"closed":-1,"used":1728823211933,"created":1728823211933,"remoteIdentityKey":"BQgYNu1B5hApmMdOlJ+65qYHSIF68R6xKwbMel0zSnYt"},"_chains":{"BZmdTiCcQmu2hQ8/UDMx9UpsZpdbb9rgyZAHX9jF9CUI":{"chainKey":{"counter":2,"key":"K91VNNQvsLgv2EyVNg5B0LR3sG2JTYAQ3thE7BbGIk4="},"chainType":1,"messageKeys":{}}},"pendingPreKey":{"signedKeyId":1,"baseKey":"BbCvDz6Kw2+ERRBoxZK8/SmtvJnDNrwRz9v2FuJQ1/YP"}}},"version":"v1"}