{"_sessions":{"BSssSlir+BrmrqdOx0HmAOxfoCdoIZiqSqiWoJKennoE":{"registrationId":278885890,"currentRatchet":{"ephemeralKeyPair":{"pubKey":"BUx7u8/R0z+vx+WcAnRYxl7SPpasvDKm2WAOzmZfpT85","privKey":"SMKAhD+nPOAc4Lo2lTIdYy9BzIhYyumgGhK7kxcIO0g="},"lastRemoteEphemeralKey":"BcGfuNE+ZGhngvtzjHN5l1ATmJ3A1B/NpdTEdHStiYN2","previousCounter":0,"rootKey":"CHaF+RWpA+uByt0TowlPnm8jqI7zOz8ZBcxcOoJJ5Ns="},"indexInfo":{"baseKey":"BSssSlir+BrmrqdOx0HmAOxfoCdoIZiqSqiWoJKennoE","baseKeyType":2,"closed":-1,"used":1728823206310,"created":1728823206310,"remoteIdentityKey":"BeK4n2xuOI69IMrixk7tiAOBIkBrffaFigyz29dUmC99"},"_chains":{"BcGfuNE+ZGhngvtzjHN5l1ATmJ3A1B/NpdTEdHStiYN2":{"chainKey":{"counter":2,"key":"pMSYqHBHaZxccFRsCL4ETfquSBMK4g6R/6KnRDRnWW8="},"chainType":2,"messageKeys":{}},"BUx7u8/R0z+vx+WcAnRYxl7SPpasvDKm2WAOzmZfpT85":{"chainKey":{"counter":-1,"key":"hj0bJvl+DcdBC7YsJqQ1fet23kI/O9mX/kYwwYYZjvU="},"chainType":1,"messageKeys":{}}}}},"version":"v1"}