{"_sessions":{"Be2N53+Ad4pQQuNTl45mRC714lh6lcBro8ydrZKZqtFn":{"registrationId":836493495,"currentRatchet":{"ephemeralKeyPair":{"pubKey":"BQypfHqlysIjRgQt+4KOOa3Uqdij3HcNeZgcjXmSNZ18","privKey":"uFgWcQtsWVrBVRE5qU+azPSTkLwmaVMzIxBFEm+YXmA="},"lastRemoteEphemeralKey":"BfDliQmJnslfB1yLnbbHXfuCpYU5f1ya4cVojAiiTTt6","previousCounter":0,"rootKey":"Vog5cTaZWIYglupDVXjo8vQdpjhhCBf2uysN3Bex6Q4="},"indexInfo":{"baseKey":"Be2N53+Ad4pQQuNTl45mRC714lh6lcBro8ydrZKZqtFn","baseKeyType":2,"closed":-1,"used":1728823208568,"created":1728823208568,"remoteIdentityKey":"BbBpNuTYIbessuDXOTaP9f3tRv7BfZc7czRrlbO0T2ob"},"_chains":{"BfDliQmJnslfB1yLnbbHXfuCpYU5f1ya4cVojAiiTTt6":{"chainKey":{"counter":0,"key":"T+ZH94sVmFezZNZzer22FgkQOkPT/ZnuK+gBFeGiY6E="},"chainType":2,"messageKeys":{}},"BQypfHqlysIjRgQt+4KOOa3Uqdij3HcNeZgcjXmSNZ18":{"chainKey":{"counter":-1,"key":"4VXOz2xBZin86+j9NtpzxUBPDSAQyB8W3P8CBdKXaZ4="},"chainType":1,"messageKeys":{}}}}},"version":"v1"}