{"_sessions":{"BeMMPupKHCVPi4DsxnseVg6DYEW0WQIVkgYu0rfVE/gb":{"registrationId":1435373263,"currentRatchet":{"ephemeralKeyPair":{"pubKey":"Bd7xh32MlHpiJjQbOzqgJB+x8nhacElnkixcKPvh5WI9","privKey":"yOqeRRNiKcsZdzNvfatCRnEbx28h7NbbYy29E8GCWW0="},"lastRemoteEphemeralKey":"BQfcTGbguWLEpmfiOZvixk0UYSuGqGV+6Z8fGb09uEFo","previousCounter":0,"rootKey":"dKZmzekLp1cJdipi2ENUuv3whsyyQDYQbmKReh8NBy4="},"indexInfo":{"baseKey":"BeMMPupKHCVPi4DsxnseVg6DYEW0WQIVkgYu0rfVE/gb","baseKeyType":2,"closed":-1,"used":1728823217316,"created":1728823217316,"remoteIdentityKey":"BeviEZ70B89sVzMEGEONfN5qrelkZ+NoFs0gNi0Bz4EG"},"_chains":{"BQfcTGbguWLEpmfiOZvixk0UYSuGqGV+6Z8fGb09uEFo":{"chainKey":{"counter":0,"key":"3eTp1eXEi9qeT3/n3ZTD8S0uz4ST61P92xN5zls0Ias="},"chainType":2,"messageKeys":{}},"Bd7xh32MlHpiJjQbOzqgJB+x8nhacElnkixcKPvh5WI9":{"chainKey":{"counter":-1,"key":"0uViUEdhSPRV2wSzHNLWxq6HXgvEfZISkR3PT15Htj8="},"chainType":1,"messageKeys":{}}}}},"version":"v1"}