{"_sessions":{"BU8p9Ja8kETvXUtPjyvwQI75ePx8RpexJBpEY1KNJeZ0":{"registrationId":37,"currentRatchet":{"ephemeralKeyPair":{"pubKey":"Ba9/vVYHbELn5pcw5magk1JCgwLZSd9m5bd1TcLf8GI9","privKey":"iD2HZTxTpAn5DbSwP58EBTnjkxad+E/gzzdlvWpaeVc="},"lastRemoteEphemeralKey":"BYdNeu6oo4QiKvOS+2OEfKMwLf/nd1OMgnLwes/PqpM7","previousCounter":0,"rootKey":"86osdWiRxkDMabLQMZShrYgYdBy3sJoN9OyRcd7j3fE="},"indexInfo":{"baseKey":"BU8p9Ja8kETvXUtPjyvwQI75ePx8RpexJBpEY1KNJeZ0","baseKeyType":2,"closed":-1,"used":1728823194033,"created":1728823194033,"remoteIdentityKey":"BT7/FrzU2T9sD6z5fw49eyLmN8ycsP3umpEA1LO/1pk0"},"_chains":{"BYdNeu6oo4QiKvOS+2OEfKMwLf/nd1OMgnLwes/PqpM7":{"chainKey":{"counter":0,"key":"/naWPnOx+BXeEjhDwNnX8mJO7t5/XCKu9h7Kplc32ws="},"chainType":2,"messageKeys":{}},"Ba9/vVYHbELn5pcw5magk1JCgwLZSd9m5bd1TcLf8GI9":{"chainKey":{"counter":-1,"key":"TP751hBnk6w4SCokdv5R+wdHaKXE2ucFTrrpESFwqBs="},"chainType":1,"messageKeys":{}}}}},"version":"v1"}