{"_sessions":{"BcB9Uklcegv0r3ArOWalAFTRoqbE6Vw/sRi3qZ7isDhH":{"registrationId":1877348361,"currentRatchet":{"ephemeralKeyPair":{"pubKey":"BXMIsrLycjdhQJeFsR9oFACPXGkr67+L0vSf/y/Gz4Yq","privKey":"aM+mOncAS5syrgh3WE+Xy9G573FqaOujMqc6vfJ63HY="},"lastRemoteEphemeralKey":"BbNBHnGkKjbpqKnhlkWdxYrl0GVt/y2qplOrhJhg3zNM","previousCounter":1,"rootKey":"jMlJzMW817MylgdcN/j6XW6f+WSX1MFSUXIalTHAlus="},"indexInfo":{"baseKey":"BcB9Uklcegv0r3ArOWalAFTRoqbE6Vw/sRi3qZ7isDhH","baseKeyType":2,"closed":-1,"used":1728823237180,"created":1728823195238,"remoteIdentityKey":"BSYZaBqVc0iXUArYM0tt1EYYoLIdAO1BaBLYdXHKJ7Rp"},"_chains":{"BeB57Krf2ECM36tWK83JS5x/9u0YeV4vNJ+wD+AABuRJ":{"chainKey":{"counter":6},"chainType":2,"messageKeys":{}},"BeVKWJmngvTWs/K2TE3faaQN6dx2EpUBZj9oJkZJ0WRb":{"chainKey":{"counter":1},"chainType":2,"messageKeys":{}},"BbDWv01GjjsPU4evuNVVe8UXKWLMTJE3sSfm169p7LRe":{"chainKey":{"counter":0},"chainType":2,"messageKeys":{}},"BSUsR23nDtxb1TRkPMuCt42Agv8ysSp90gips8zH/T4E":{"chainKey":{"counter":1},"chainType":2,"messageKeys":{}},"BZ+LXhlyb2O+Ah7B+5DLLP+ttTwfLWBTLv5i2ZRgkEFN":{"chainKey":{"counter":0},"chainType":2,"messageKeys":{}},"BXquTVTTp6BVQpm+WT5uzuXHZ0mwFDA5MJ2xwjTSvX8R":{"chainKey":{"counter":1},"chainType":2,"messageKeys":{}},"BUMkQCNpHD1mtS6E7nN49W9WLUywmim8K9sicfeVU+Fr":{"chainKey":{"counter":1},"chainType":2,"messageKeys":{}},"BbNBHnGkKjbpqKnhlkWdxYrl0GVt/y2qplOrhJhg3zNM":{"chainKey":{"counter":0,"key":"oNu/AXGpjJVhOxIa1MEwT30Y9j7z7eJTb6oVdtcenDc="},"chainType":2,"messageKeys":{}},"BXMIsrLycjdhQJeFsR9oFACPXGkr67+L0vSf/y/Gz4Yq":{"chainKey":{"counter":-1,"key":"tKpYP72ZFVbkq4Vv26qXxCNfHuMzpWj4zNq4QANSucw="},"chainType":1,"messageKeys":{}}}}},"version":"v1"}