{"_sessions":{"Bf6QZsE7+LTgxxq7cdYqUIGolhqKjJoP0BFteU/WjcxB":{"registrationId":1151234731,"currentRatchet":{"ephemeralKeyPair":{"pubKey":"BRqZuvRwU7gcePzZQULl7/t43xThGOAQcU8BftJZcMcy","privKey":"qGqx0Q4fbfrw/1FzXk3dEE6cupIr6Rv8rYX2hxWOTFI="},"lastRemoteEphemeralKey":"BdtMKcu/DSDX7yrVzU+zJBMICokkDc//bR2bFwLWNU4E","previousCounter":0,"rootKey":"DfP/fQ/Q8NLTaxIbPXnwHDehIg0RqEYyfNcoUxXmIBM="},"indexInfo":{"baseKey":"Bf6QZsE7+LTgxxq7cdYqUIGolhqKjJoP0BFteU/WjcxB","baseKeyType":2,"closed":-1,"used":1728823207393,"created":1728823207393,"remoteIdentityKey":"BdtDn0BSZ70+WqE6cyuJjv28zKwEvndjot/YJFTm5pRt"},"_chains":{"BdtMKcu/DSDX7yrVzU+zJBMICokkDc//bR2bFwLWNU4E":{"chainKey":{"counter":0,"key":"QTNTHqkCvexamiQNws4ANMoc2HUVrjmWDHzD6yrd7sc="},"chainType":2,"messageKeys":{}},"BRqZuvRwU7gcePzZQULl7/t43xThGOAQcU8BftJZcMcy":{"chainKey":{"counter":-1,"key":"s3ctgRYc6ekOPUXoeKAXI8kDJhKgBfb7RrVu6CB9tGk="},"chainType":1,"messageKeys":{}}}}},"version":"v1"}