{"_sessions":{"BUTQRNkXP0CW2tyvHVZH+oubOOfYwgxRLl1K10pBW6YT":{"registrationId":240,"currentRatchet":{"ephemeralKeyPair":{"pubKey":"BWKUKqwbVQ4+CA4HlzlAY9jKqh5qR8h4geZ6edzfZ1l5","privKey":"0Kz7vyr6Kihc/gZLamfdfWLVwLo5dfohxDJkMFGtz20="},"lastRemoteEphemeralKey":"BZQKFVkv/IfCOMx+uGBoQQRgDJE6lMZ0AZh7+qoz8S5g","previousCounter":0,"rootKey":"1mxP9UU2QvjtOvbFfSkQgeBDO/KPWYLOCZ6Mpj0Go0U="},"indexInfo":{"baseKey":"BUTQRNkXP0CW2tyvHVZH+oubOOfYwgxRLl1K10pBW6YT","baseKeyType":2,"closed":-1,"used":1728823206791,"created":1728823206791,"remoteIdentityKey":"BbrYGCT3LI9R0TbWFytKB+7WIUznqnp/5nXKJCU/h01x"},"_chains":{"BZQKFVkv/IfCOMx+uGBoQQRgDJE6lMZ0AZh7+qoz8S5g":{"chainKey":{"counter":1,"key":"IfA6r6aG1X/YbIu8c0HJQ0gbqmxyvRlvwEj8CpnTrAo="},"chainType":2,"messageKeys":{"0":"Je32qj/OeW/WyKgCrySzoNer43Puzfp3PIVqpoVJqAs="}},"BWKUKqwbVQ4+CA4HlzlAY9jKqh5qR8h4geZ6edzfZ1l5":{"chainKey":{"counter":-1,"key":"SQMCxSZA8Bvw+hBzK1FXjcjbTJd3lhvcrALqPa487ds="},"chainType":1,"messageKeys":{}}}}},"version":"v1"}