{"_sessions":{"BZfszMhT/4kVaY5TNM/NDbu5C0b6iXC0dx1nEzyZ3b8z":{"registrationId":362390762,"currentRatchet":{"ephemeralKeyPair":{"pubKey":"BafmgJUb/aQsGS/5wU/xn9KNxVxCJnXNRVGauH1a7qwE","privKey":"SAMeqpRBCdVpB3yHKqeGWb/fIxKiB56A+RP3TpS2h1E="},"lastRemoteEphemeralKey":"Be1B1lRfdYgisc+r+LtIQsxiW3VSIuh8xqfVWAMmx0AW","previousCounter":0,"rootKey":"ZgVIpUeqG2dte9Yfss234kmRMTyzMrUdwhYO2OQKIcg="},"indexInfo":{"baseKey":"BZfszMhT/4kVaY5TNM/NDbu5C0b6iXC0dx1nEzyZ3b8z","baseKeyType":2,"closed":-1,"used":1728823229724,"created":1728823229724,"remoteIdentityKey":"BUJGFh+/NuVC2LWJz8JOKeZ2PCblvPm40lSu4j/5bCQv"},"_chains":{"Be1B1lRfdYgisc+r+LtIQsxiW3VSIuh8xqfVWAMmx0AW":{"chainKey":{"counter":0,"key":"rBbzuZRiMdRS/y7Vi1N/JkFulCFe7TnDG8EE3HLQ2HI="},"chainType":2,"messageKeys":{}},"BafmgJUb/aQsGS/5wU/xn9KNxVxCJnXNRVGauH1a7qwE":{"chainKey":{"counter":-1,"key":"zgGRy/0IDldZp00WrV6ZruaI3tfNqi1lD+X7mnpKYgk="},"chainType":1,"messageKeys":{}}}}},"version":"v1"}