{"_sessions":{"BfnuFZfnxiNq6pQ4EprsdtL6QRfDoXZ34+AJ4EIt7yY0":{"registrationId":13786752,"currentRatchet":{"ephemeralKeyPair":{"pubKey":"BdFqHyXF9VMFa8St49EUcbuzmsnlYiOqsKC8Cqmk8mUC","privKey":"CImedg2/8Gc9078ZXESagiRS5AIw4dUvZ01QiG1fjk4="},"lastRemoteEphemeralKey":"BQ6q9iii9QVCP4ffuPOClZolJj10OxeM7ej40lT4upZS","previousCounter":0,"rootKey":"DQeJsV5M1ZCwy6vnBm8uob4rptlycd9bgYHQL+y9CtM="},"indexInfo":{"baseKey":"BfnuFZfnxiNq6pQ4EprsdtL6QRfDoXZ34+AJ4EIt7yY0","baseKeyType":2,"closed":-1,"used":1728823195647,"created":1728823195647,"remoteIdentityKey":"BWNRak+sNAbOisLmccTvV7CT7CDfWjuaRH30/nIJ6AYZ"},"_chains":{"BQ6q9iii9QVCP4ffuPOClZolJj10OxeM7ej40lT4upZS":{"chainKey":{"counter":0,"key":"jD8f+z+ptgRA9oO0dk9T3nc/5XxSeo7prt1dwSBEbRs="},"chainType":2,"messageKeys":{}},"BdFqHyXF9VMFa8St49EUcbuzmsnlYiOqsKC8Cqmk8mUC":{"chainKey":{"counter":-1,"key":"CRfu2ux9oYjZP/XFZdANGmrgysq2r3JhPBn5heFPTpg="},"chainType":1,"messageKeys":{}}}}},"version":"v1"}