{"_sessions":{"BcYssip9BFNgweO8q4UikeH4bkigoZw0bE4DCub5hOU3":{"registrationId":1536071462,"currentRatchet":{"ephemeralKeyPair":{"pubKey":"BWBO+RO0ExRAKYtIpZBVnCOZvanlAlOmeIwcka3dlPwa","privKey":"MDqUEI1ToqU6NWbQNhWK9Wndjg+SzwRcMycUo5SgOXc="},"lastRemoteEphemeralKey":"BQ0dP4EeqG0xecbSTte7TgOBoBoIe+IqzYsTrljs7A1f","previousCounter":0,"rootKey":"ICcncLHzWLyFTlhMc3dXTOgmsqvJK6Pscx06ULJ3Je0="},"indexInfo":{"baseKey":"BcYssip9BFNgweO8q4UikeH4bkigoZw0bE4DCub5hOU3","baseKeyType":2,"closed":-1,"used":1728823209072,"created":1728823209072,"remoteIdentityKey":"BY+kR8arG5BCzNzeT6/BZLeB7HzdKB0maaFOaeNv8sMa"},"_chains":{"BQ0dP4EeqG0xecbSTte7TgOBoBoIe+IqzYsTrljs7A1f":{"chainKey":{"counter":1,"key":"HALeOx8Jzj5RK80LVoI3JVsYyWH7aj0pso9B4c67GN4="},"chainType":2,"messageKeys":{}},"BWBO+RO0ExRAKYtIpZBVnCOZvanlAlOmeIwcka3dlPwa":{"chainKey":{"counter":-1,"key":"R6taBJrSOnYlp3p0KImGYc607GZ1QnfphCGPhhFsrtI="},"chainType":1,"messageKeys":{}}}}},"version":"v1"}