{"_sessions":{"BSjKXZ1nPOzuu7TwYWjniHgbzQ/PugWKkkQembAzEl58":{"registrationId":53,"currentRatchet":{"ephemeralKeyPair":{"pubKey":"BU210vblXUBZjBRHQKnfLLd14hAgfrEl8NHzCiDCWKgk","privKey":"WCPZphqpmQ+lp7EPY1HA7cBHjpjJr0fO6vdfMoIPBls="},"lastRemoteEphemeralKey":"BbNXq7iaNfvkbwNRosmp06UcgCJ0JfCCv5YtV/NYQX8X","previousCounter":0,"rootKey":"NijoGDyGVYOIs1DI8R2MzFawJktd/5C8CAlqtXc8jwk="},"indexInfo":{"baseKey":"BSjKXZ1nPOzuu7TwYWjniHgbzQ/PugWKkkQembAzEl58","baseKeyType":2,"closed":-1,"used":1728823206437,"created":1728823206437,"remoteIdentityKey":"BV65n4nat0NF47mdmOcMuZJc/UZVWekeiXML7mx0+twI"},"_chains":{"BbNXq7iaNfvkbwNRosmp06UcgCJ0JfCCv5YtV/NYQX8X":{"chainKey":{"counter":0,"key":"uAocKytaf/fp5+wXGL4yp+T2bm9+5RcVGh0YhPE7kPc="},"chainType":2,"messageKeys":{}},"BU210vblXUBZjBRHQKnfLLd14hAgfrEl8NHzCiDCWKgk":{"chainKey":{"counter":-1,"key":"8lzGHpr3SKv/4ImOhAQUkg31eiw1guZ8w9exsAS3Egs="},"chainType":1,"messageKeys":{}}}}},"version":"v1"}