{"_sessions":{"BenkycPNLWLmw07tEE9rfbdADP+Z/vAAxJP+q2kpdIxZ":{"registrationId":77,"currentRatchet":{"ephemeralKeyPair":{"pubKey":"BVdtCLUPfhWxarFww0w/TXH6v2TPtsfuB1tMwYnb6lVG","privKey":"WDZxgW/0k1YDrpxJMOV2l31jVPOmJq5rVa+wFUkDT1w="},"lastRemoteEphemeralKey":"BR1NEqwvfr5aMB6u24Atka6Vvb7z2SkPyF9SE6jdp2V5","previousCounter":0,"rootKey":"KuWf8O3R3Mf4zz2UHSo/lEVv1bFWP2OljMi3PEV5+UM="},"indexInfo":{"baseKey":"BenkycPNLWLmw07tEE9rfbdADP+Z/vAAxJP+q2kpdIxZ","baseKeyType":1,"closed":-1,"used":1728823211958,"created":1728823211958,"remoteIdentityKey":"BWKwEOIuaQUjh/O9BgoCNpGp1eAqEE87zxhWz8BM/70L"},"_chains":{"BVdtCLUPfhWxarFww0w/TXH6v2TPtsfuB1tMwYnb6lVG":{"chainKey":{"counter":2,"key":"DPvcwmSbW8wlGdiBw0HrO5N53J7xsZfzRdXAHxtwQ8g="},"chainType":1,"messageKeys":{}}},"pendingPreKey":{"signedKeyId":1,"baseKey":"BenkycPNLWLmw07tEE9rfbdADP+Z/vAAxJP+q2kpdIxZ"}}},"version":"v1"}