{"_sessions":{"BU8kBQ6sXdbDD6DvdT+Rn1sv2YMoMrEYacUy4rCNM/Fu":{"registrationId":671938479,"currentRatchet":{"ephemeralKeyPair":{"pubKey":"BXIgbKLy9yEv4AdBlCGl2HxVsSUJj9kF39Zc5W+zkRkF","privKey":"oGUBeUsqPkzys2Anq6FFEzcDMENIM/qanmWaKY5RhWo="},"lastRemoteEphemeralKey":"BZ/E+gAk9Jo2VAg/V90iT6VXu9DpSDpSGeMROl+VWClL","previousCounter":0,"rootKey":"QmMKzPh43M2kmi+PjIRsDAdvB0O6KIEizxq18SerLso="},"indexInfo":{"baseKey":"BU8kBQ6sXdbDD6DvdT+Rn1sv2YMoMrEYacUy4rCNM/Fu","baseKeyType":2,"closed":-1,"used":1728823206875,"created":1728823206875,"remoteIdentityKey":"BXXEBU4U4VwEfwrZxn+XvfblVsdZcTi3GzmvqkxjOWVN"},"_chains":{"BZ/E+gAk9Jo2VAg/V90iT6VXu9DpSDpSGeMROl+VWClL":{"chainKey":{"counter":0,"key":"+5vts7GMB6JM3CIpSd0sJpdqoZdk11GZRZOPejGyyrk="},"chainType":2,"messageKeys":{}},"BXIgbKLy9yEv4AdBlCGl2HxVsSUJj9kF39Zc5W+zkRkF":{"chainKey":{"counter":-1,"key":"bsBUOq6G7Me4iXmf2B0nolO5m4OQm7o91hKjFVqdwlc="},"chainType":1,"messageKeys":{}}}}},"version":"v1"}