{"_sessions":{"BT77f9nd5r55ssCiYXpsBDPBnBZ4jHeelclrMweAYIgg":{"registrationId":930356748,"currentRatchet":{"ephemeralKeyPair":{"pubKey":"BTe6BgDSdvIE2e7vyzpVdl6FqQYaGlb8YdDwvv1BoUxe","privKey":"uFVSEtGpivCGLoWhE4F8R14sP/NxcHpS0iXB95LmiX0="},"lastRemoteEphemeralKey":"BeWg1+mHY9xISIz0IQCR5TBpJLCL16CDtf6So1ndlkJd","previousCounter":0,"rootKey":"+ZbYPHG8VmXxwrqKdBk3GQBeTgDDqhS+m/fz4Msn+bM="},"indexInfo":{"baseKey":"BT77f9nd5r55ssCiYXpsBDPBnBZ4jHeelclrMweAYIgg","baseKeyType":2,"closed":-1,"used":1728823215679,"created":1728823215679,"remoteIdentityKey":"BWG8k9lWmEekZfsKNdlwM358Pn9w3dS6MK8GJ33CB0pu"},"_chains":{"BeWg1+mHY9xISIz0IQCR5TBpJLCL16CDtf6So1ndlkJd":{"chainKey":{"counter":1,"key":"QbBmI1ioi8DmvQSdL3S5lZP2c8NN19T2NDyetNx365A="},"chainType":2,"messageKeys":{}},"BTe6BgDSdvIE2e7vyzpVdl6FqQYaGlb8YdDwvv1BoUxe":{"chainKey":{"counter":-1,"key":"wERqwoUcX3EUp16TWUrNQS3Zh/CzMnQjbEvZn/Y70kE="},"chainType":1,"messageKeys":{}}}}},"version":"v1"}