{"_sessions":{"Bfs1b0ORCKRJ4XTPTV7SBpeE/3omP9F6vQnUlnXAVdJX":{"registrationId":140,"currentRatchet":{"ephemeralKeyPair":{"pubKey":"BTLsN3Yz3AkX625cO4mJsLMWPeIasUvRIKJgKy7UuA9J","privKey":"ENLmknOW3yHqeTA1t4pwB7InNqXS5ptxKn6oMvgSblk="},"lastRemoteEphemeralKey":"BR6/Vs8XQye5B0Ivcg1ZZR93pBIr7N3POBF0/jHBkok0","previousCounter":0,"rootKey":"SKRTZHQVHMqfKEt87LVBM8nmbtWqB7fumRNdWDl0PcI="},"indexInfo":{"baseKey":"Bfs1b0ORCKRJ4XTPTV7SBpeE/3omP9F6vQnUlnXAVdJX","baseKeyType":1,"closed":-1,"used":1728823211910,"created":1728823211910,"remoteIdentityKey":"BeRJPerrkWuLtdMIi9iRYivdjfoRCrB2qX69O8teLvMh"},"_chains":{"BTLsN3Yz3AkX625cO4mJsLMWPeIasUvRIKJgKy7UuA9J":{"chainKey":{"counter":2,"key":"8Q5uZNmjVwb65vE7Qy/vSsuUkuR6ZQqR0kYuw6ndwqM="},"chainType":1,"messageKeys":{}}},"pendingPreKey":{"signedKeyId":1,"baseKey":"Bfs1b0ORCKRJ4XTPTV7SBpeE/3omP9F6vQnUlnXAVdJX"}}},"version":"v1"}