{"_sessions":{"BcY/Erz8xCZCj99I3jKRkQ09Ma/FwWU2rol5mQfCIGoI":{"registrationId":1407985002,"currentRatchet":{"ephemeralKeyPair":{"pubKey":"BftRln2I6R5Kw53c9rBsZ8fArWc9Y1DZUdMojblIH3oC","privKey":"WCiufGyJ5VPPb1qOTaXcoqV/VYZHRo63zOabZ89IDns="},"lastRemoteEphemeralKey":"BVOQ3zAEP+ygHrWk3KI77Xjmuq4q8ZHuunx9WGM/2lZ5","previousCounter":0,"rootKey":"hxWEfCtighgCXmX6tpq4hygjoxDyvHDNhCyB74Boha8="},"indexInfo":{"baseKey":"BcY/Erz8xCZCj99I3jKRkQ09Ma/FwWU2rol5mQfCIGoI","baseKeyType":2,"closed":-1,"used":1728823241288,"created":1728823241288,"remoteIdentityKey":"BcLCtsXMIXKFg1PfkorJM68MX6UQZEFmOHbT4sx+9xsM"},"_chains":{"BVOQ3zAEP+ygHrWk3KI77Xjmuq4q8ZHuunx9WGM/2lZ5":{"chainKey":{"counter":0,"key":"5mB89zemsYotzV88CRwZPYmy2nYNNejQ1qgarcqpy9E="},"chainType":2,"messageKeys":{}},"BftRln2I6R5Kw53c9rBsZ8fArWc9Y1DZUdMojblIH3oC":{"chainKey":{"counter":-1,"key":"CeO7nTTlEKdNb0Bn+INZW4zDIkC6mzzSnJhjNjBcfZw="},"chainType":1,"messageKeys":{}}}}},"version":"v1"}