{"_sessions":{"BREB1erWO5UL6368xy63sVjmlxTwMtIa9UZg0t/Bqto3":{"registrationId":1534869940,"currentRatchet":{"ephemeralKeyPair":{"pubKey":"BXdgwJfwenuGq+qpSh3wXmDGjzWJG7XcUr7DCb4H+Bg9","privKey":"mPdCJFMZc91O8sd5GHk/3MYtCWsabky3KLqBLp+0yVE="},"lastRemoteEphemeralKey":"BbLRYNY4g7dvdhh69frY3UlkGaNstnmT30fZ9bqd5tpb","previousCounter":0,"rootKey":"VvqKs5FZPraa8xm9HeBN48/BnjrelL6cNp2qIfv5jdY="},"indexInfo":{"baseKey":"BREB1erWO5UL6368xy63sVjmlxTwMtIa9UZg0t/Bqto3","baseKeyType":2,"closed":-1,"used":1728823207317,"created":1728823207317,"remoteIdentityKey":"BVr6q4XFrvJZgiZFh4xiE+YCjOURYs/Q0IvyLrio6Dtm"},"_chains":{"BbLRYNY4g7dvdhh69frY3UlkGaNstnmT30fZ9bqd5tpb":{"chainKey":{"counter":0,"key":"RZZW+a/8bSU+MmgNPb88+xtZV2+ilqTGq40fcQ7WVI0="},"chainType":2,"messageKeys":{}},"BXdgwJfwenuGq+qpSh3wXmDGjzWJG7XcUr7DCb4H+Bg9":{"chainKey":{"counter":-1,"key":"ujZSijn5kEyMaqm8k7A7LQn5Y3JybtKyrLi83hTGtTA="},"chainType":1,"messageKeys":{}}}}},"version":"v1"}