{"_sessions":{"BTzijJqZoB60sUcgXsQih/WzpaiD6wUIyd/5ilj+RZIo":{"registrationId":487930339,"currentRatchet":{"ephemeralKeyPair":{"pubKey":"BTQyYevUOXzbTLYN2JQKtaZKwd4xAXF/0JspDiSW0uB+","privKey":"CNMg9UfKsLuuswiD7Qu5RvZbRRpNBALvqsIQ737I2nQ="},"lastRemoteEphemeralKey":"BROX4kuXrTn+xpv2LaKLneG8gmJvBjI6nv+RDjDhXSIC","previousCounter":0,"rootKey":"vL0F08j3pwA102Nv0cqeeSQ8u+UvwRXXy0Ef74s6+eA="},"indexInfo":{"baseKey":"BTzijJqZoB60sUcgXsQih/WzpaiD6wUIyd/5ilj+RZIo","baseKeyType":2,"closed":-1,"used":1728823215157,"created":1728823215157,"remoteIdentityKey":"Bb3SvrKTfA5q+dU9eZYMI3tJzzOy5HqhvLfmVWVd43Z7"},"_chains":{"BROX4kuXrTn+xpv2LaKLneG8gmJvBjI6nv+RDjDhXSIC":{"chainKey":{"counter":1,"key":"G8xN3ZyuDq8oiNxWcV9TmABmjhAi9SjG6w3ZdPvu30U="},"chainType":2,"messageKeys":{}},"BTQyYevUOXzbTLYN2JQKtaZKwd4xAXF/0JspDiSW0uB+":{"chainKey":{"counter":-1,"key":"5M0hvzcqZneUz6PlTWJzc3SqokTJnQrpgyTtlKNj6ms="},"chainType":1,"messageKeys":{}}}}},"version":"v1"}