{"_sessions":{"Bepcsb3y102aW3FrPVvlS7J/+XGfFzwtFjrMFoExqqZk":{"registrationId":1632476893,"currentRatchet":{"ephemeralKeyPair":{"pubKey":"BWJ/nJweDyvE8dHUtFLsSNsmhIsSoWw0EGcmRpmRKAps","privKey":"4LyLS6mGGR74RKqu+t7Yqxss3laMKnmPwJgDo/lZLnk="},"lastRemoteEphemeralKey":"Ban2yVyEdO1CvAPyLVV/wqrrF7MD5xCgcwanE9I+aeF6","previousCounter":0,"rootKey":"g4gDdCmqw5jpq6o5dZRiJM0WgHbUw3EVkWb5ITrf5fU="},"indexInfo":{"baseKey":"Bepcsb3y102aW3FrPVvlS7J/+XGfFzwtFjrMFoExqqZk","baseKeyType":1,"closed":-1,"used":1728823211986,"created":1728823211986,"remoteIdentityKey":"BWqFzLRzfj81aQgfwsL2Qz0nxY08694ZO9fcsOS2QJ0G"},"_chains":{"BWJ/nJweDyvE8dHUtFLsSNsmhIsSoWw0EGcmRpmRKAps":{"chainKey":{"counter":2,"key":"mlHndWhKIobuvAVlaiLvEc5UMXYIKAXJ41bNcAYge1Y="},"chainType":1,"messageKeys":{}}},"pendingPreKey":{"signedKeyId":4,"baseKey":"Bepcsb3y102aW3FrPVvlS7J/+XGfFzwtFjrMFoExqqZk","preKeyId":884099}}},"version":"v1"}