{"_sessions":{"BaBHsxGI8A/c4yWZNfAYIf8TJREKw67q/OkBMR95LzoX":{"registrationId":855559982,"currentRatchet":{"ephemeralKeyPair":{"pubKey":"BTB3dyr2hd6zl686Ijx7FBs22fuofLznCVSg9UJVneJn","privKey":"sNJWKzSRkQA6tC9GIeHTvXrE0UFD2cH7BHVCX72SS08="},"lastRemoteEphemeralKey":"BRIbAMofr62ZBNgBFo3NacMuqwD02pLI4Cjkggsctqdy","previousCounter":0,"rootKey":"Nel4st7dF908rINDnIXmE0eZSA9pPZ5wmsty/X+DRj4="},"indexInfo":{"baseKey":"BaBHsxGI8A/c4yWZNfAYIf8TJREKw67q/OkBMR95LzoX","baseKeyType":2,"closed":-1,"used":1728823206938,"created":1728823206938,"remoteIdentityKey":"BclGnlJ1iyHo1FIzpaz7akFsjCfaGKHfsohp4aPIXZND"},"_chains":{"BRIbAMofr62ZBNgBFo3NacMuqwD02pLI4Cjkggsctqdy":{"chainKey":{"counter":1,"key":"VEs9zTJng7Ff0t1rN9DLlDUtKCwHeOQaJmZzRP3T1nU="},"chainType":2,"messageKeys":{}},"BTB3dyr2hd6zl686Ijx7FBs22fuofLznCVSg9UJVneJn":{"chainKey":{"counter":-1,"key":"A+Ph5VHs+X3na7F2cjc8RsEvuNBjydG1hmwhvYS6YYs="},"chainType":1,"messageKeys":{}}}}},"version":"v1"}