{"_sessions":{"BZPAKmjKJ/Uc3BE9Xb8TFG/p+sJuez8yztFh0OPegZN3":{"registrationId":1534497106,"currentRatchet":{"ephemeralKeyPair":{"pubKey":"BWYFk50qFt9S76vsXejkcbci+Vw7+EbLFP5CHflJiQcP","privKey":"CM1uqPEUo/pUsersh7N92Ryg2O8ibmQ+A6zHUaexemU="},"lastRemoteEphemeralKey":"BSPbl7CCk3hCuuahzydLOwMrXFmdQYdwtCEWM5E7Csdm","previousCounter":0,"rootKey":"fT4EOUaiZkg+4MBcgVrEN3z5HNrl5diNDDvVi/dnJmM="},"indexInfo":{"baseKey":"BZPAKmjKJ/Uc3BE9Xb8TFG/p+sJuez8yztFh0OPegZN3","baseKeyType":2,"closed":-1,"used":1728823208065,"created":1728823208065,"remoteIdentityKey":"BU4H8oCox0Um7E5r1+wUTAQSCJutx4UA59LVn68rVn18"},"_chains":{"BSPbl7CCk3hCuuahzydLOwMrXFmdQYdwtCEWM5E7Csdm":{"chainKey":{"counter":0,"key":"tlbQwvaUZjFnoKWjnjxz4/TcaxBmsZTYQU89g2l7MCg="},"chainType":2,"messageKeys":{}},"BWYFk50qFt9S76vsXejkcbci+Vw7+EbLFP5CHflJiQcP":{"chainKey":{"counter":-1,"key":"BqJqvmPAS7yvQDDwVbNwNxvoWT1Q6nJ6ZQJHuNkJyXk="},"chainType":1,"messageKeys":{}}}}},"version":"v1"}