{"_sessions":{"BX7GLFmkKmZhf6V+065C18oD41XMEk8c9o+uMym6GYFK":{"registrationId":336045824,"currentRatchet":{"ephemeralKeyPair":{"pubKey":"BaW2By+ilGgNyCEc3AxICMqhO4x+e25P+eVBrH3QvaRq","privKey":"gEdK1Y4ss5N8CGvNMULYrhNsQ6U/TJ6u3aX03VjTSE0="},"lastRemoteEphemeralKey":"BapxSMNwDlU9hmNhjMzfWP7eQIM/vSNFPxjBMJc6FTgX","previousCounter":0,"rootKey":"Ybq4nQyT44rqeqe3RfvTbPtxBbOk6OaSF4rEnqgGdm4="},"indexInfo":{"baseKey":"BX7GLFmkKmZhf6V+065C18oD41XMEk8c9o+uMym6GYFK","baseKeyType":2,"closed":-1,"used":1728823222754,"created":1728823222754,"remoteIdentityKey":"BfjTdIQE20p3mapRpum0HDsDwU0RqGrtx8f40XSRF2dZ"},"_chains":{"BapxSMNwDlU9hmNhjMzfWP7eQIM/vSNFPxjBMJc6FTgX":{"chainKey":{"counter":0,"key":"ZWKuZ7iLWVYz2EndBQv/ZJmz0SeBabHBnha3u6KukNY="},"chainType":2,"messageKeys":{}},"BaW2By+ilGgNyCEc3AxICMqhO4x+e25P+eVBrH3QvaRq":{"chainKey":{"counter":-1,"key":"szqIZdG4FwqdIImFkb0pvPzkHhyml157po5wySbzGio="},"chainType":1,"messageKeys":{}}}}},"version":"v1"}